[
    {
        "universityNumber" : "SA100011",
        "fullName":"Mohammed Musthaq",
        "firstName":"Mohammed",
        "lastName" : "Musthaq",
        "age" : 20,
        "degree" : "BCA",
        "department" : "Computer Application",
        "subjects" : ["DSA","Operating System", "Computer Networking", "Open Source Programming","DBMS"],
        "studentMarks":[ 88, 42, 80, 92, 97 ],
        "address":"Chennai , Tamil Nadu",
        "username" : "mo12345",
        "password" : "12345",
        "mobileNumber" : "+91 - 1234567890",
        "attendancePercentage" : "85"
    },
    {
        "universityNumber" : "SA100012",
        "fullName":"Abdul Rahman",
        "firstName":"Abdul",
        "lastName" : "Rahman",
        "age" : 21,
        "degree" : "BCA",
        "department" : "Computer Application",
        "subjects" : ["DSA","Operating System", "Computer Networking", "Open Source Programming","DBMS"],
        "studentMarks":[ 96, 69, 78, 72, 48 ],
        "address":"Tiruchy , Tamil Nadu",
        "username" : "ab12345",
        "password" : "12345",
        "mobileNumber" : "+91 - 1234567890",
        "attendancePercentage" : "78"
    },
    {
        "universityNumber" : "SA100013",
        "fullName":"Shahul Ahmed",
        "firstName":"Shahul",
        "lastName" : "Ahmed",
        "age" : 22,
        "degree" : "BCA",
        "department" : "Computer Application",
        "subjects" : ["DSA","Operating System", "Computer Networking", "Open Source Programming","DBMS"],
         "studentMarks":[95, 70, 82, 9, 48],
        "address":"Madurai , Tamil Nadu",
        "username" : "sh12345",
        "password" : "12345",
        "mobileNumber" : "+91 - 1234567890",
        "attendancePercentage" : "81"
    },
    {
        "universityNumber" : "SA100014",
        "fullName":"Syed Ibrahim",
        "firstName":"Syed",
        "lastName" : "Ibrahim",
        "age" : 20,
        "degree" : "BCA",
        "department" : "Computer Application",
        "subjects" : ["DSA","Operating System", "Computer Networking", "Open Source Programming","DBMS"],
        "studentMarks":[90, 50, 33, 67, 18],
        "address":"Bengaluru , Karnataka",
        "username" : "sy12345",
        "password" : "12345",
        "mobileNumber" : "+91 - 1234567890",
        "attendancePercentage" : "70"
    },
    {
        "universityNumber" : "SA100015",
        "fullName":"Mohammed Khasim",
        "firstName":"Mohammed",
        "lastName" : "Khasim",
        "age" : 23,
        "degree" : "BCA",
        "department" : "Computer Application",
        "subjects" : ["DSA","Operating System", "Computer Networking", "Open Source Programming","DBMS"],
        "studentMarks":[78, 26, 23, 30, 89],
        "address":"Kochi , Kerala",
        "username" : "kha12345",
        "password" : "12345",
        "mobileNumber" : "+91 - 1234567890",
        "attendancePercentage" : "76"
    }
]